{"stat.pickup.minecraft.bone":214,"stat.leaveGame":44,"stat.pickup.minecraft.arrow":117,"stat.jump":804,"stat.swimOneCm":293784,"stat.pickup.minecraft.coal":3,"stat.fallOneCm":1897,"stat.pickup.minecraft.enchanted_book":1,"stat.crouchOneCm":9750,"stat.enderchestOpened":2,"stat.useItem.minecraft.stone_slab2":755,"achievement.exploreAllBiomes":{"value":0,"progress":["Beach","Forest","MushroomIslandShore","River","Ocean","MushroomIsland","Deep Ocean"]},"stat.pickup.minecraft.rotten_flesh":9695,"stat.pickup.minecraft.feather":11,"stat.damageTaken":1715,"stat.pickup.minecraft.planks":1,"stat.flyOneCm":5338068,"stat.pickup.minecraft.sandstone":2,"stat.pickup.minecraft.wheat_seeds":1,"stat.killEntity.MushroomCow":4,"stat.damageDealt":238439,"stat.timeSinceDeath":92495,"stat.pickup.minecraft.flint_and_steel":2,"stat.walkOneCm":305478,"stat.useItem.minecraft.redstone_block":56,"stat.pickup.minecraft.beef":3,"stat.pickup.minecraft.chicken":5,"stat.pickup.minecraft.nether_star":24,"stat.useItem.minecraft.red_mushroom_block":31,"stat.sprintOneCm":91933,"stat.pickup.minecraft.cooked_beef":1,"stat.killEntity.Skeleton":2,"achievement.openInventory":154,"stat.useItem.minecraft.snowball":2,"stat.useItem.minecraft.flint_and_steel":10,"stat.killEntity.WitherSkeleton":3,"stat.mobKills":216,"stat.pickup.minecraft.book":2,"stat.deaths":6,"stat.drop":3,"stat.playOneMinute":675229,"stat.sneakTime":17781,"stat.pickup.minecraft.wool":3,"stat.killEntity.Zombie":6,"stat.pickup.minecraft.snowball":32,"stat.useItem.minecraft.map":9,"stat.diveOneCm":193455}